<component size="157,202">
  <displayList>
    <image id="n5" name="n5" src="rt103m" xy="0,0">
      <relation target="" sidePair="width-width,height-height"/>
    </image>
    <component id="n6" name="closeButton" src="rt103n" xy="133,5">
      <relation target="" sidePair="right-right"/>
    </component>
    <graph id="n7" name="dragArea" xy="6,4" size="123,22">
      <relation target="" sidePair="width-width"/>
    </graph>
    <text id="n8" name="title" xy="36,6" size="83,18" fontSize="12" color="#ffffff" align="center" autoSize="none" text="窗口标题">
      <relation target="" sidePair="width-width"/>
    </text>
    <graph id="n9" name="contentArea" xy="4,27" size="150,172">
      <relation target="" sidePair="width-width,height-height"/>
    </graph>
  </displayList>
</component>