<component size="20,19" idnum="6" extention="Button">
  <controller name="button" pages="0,up,1,down,2,over,3,selectedOver" selected="0"/>
  <displayList>
    <image id="n1" name="n1" src="rpmbc" xy="0,2">
      <gearDisplay controller="button" pages="0"/>
    </image>
    <image id="n2" name="n2" src="rpmb7" xy="0,2">
      <gearDisplay controller="button" pages="1"/>
    </image>
    <image id="n3" name="n3" src="rpmbb" xy="0,2">
      <gearDisplay controller="button" pages="2"/>
    </image>
    <image id="n4" name="n4" src="rpmba" xy="0,2">
      <gearDisplay controller="button" pages="3"/>
    </image>
    <text id="n5" name="title" xy="13,1" size="10,19" fontSize="12" autoSize="none" demoText="">
      <relation target="" sidePair="width-width,height-height"/>
    </text>
  </displayList>
  <Button mode="Check"/>
</component>