<component size="388,400" extention="Label">
  <displayList>
    <graph id="n0" name="n0" xy="0,0" size="388,400" type="rect" lineSize="0" fillColor="#ff003300">
      <relation target="" sidePair="width-width,height-height"/>
    </graph>
    <graph id="n3" name="dragArea" xy="3,0" size="383,52">
      <relation target="" sidePair="width-width,height-height"/>
    </graph>
    <component id="n2" name="closeButton" src="te1y8c" xy="363,-15">
      <relation target="" sidePair="right-right"/>
    </component>
  </displayList>
</component>