<component size="400,400">
  <displayList>
    <loader id="n0" name="img" xy="0,0" size="150,400" url="ui://ravwu71qte1y88" fill="scaleFree">
      <relation target="" sidePair="left-left"/>
    </loader>
    <loader id="n1" name="miniImg" xy="170,20" size="64,64" url="ui://ravwu71qte1y88" fill="scaleFree">
      <relation target="" sidePair=""/>
    </loader>
    <text id="n5" name="pro0" xy="252,25" size="29,16" fontSize="12" text="name"/>
    <text id="n6" name="pro1" xy="252,46" size="29,16" fontSize="12" text="rare"/>
    <text id="n7" name="pro2" xy="252,67" size="40,16" fontSize="12" text=""/>
    <text id="n8" name="pro3" xy="252,88" size="40,16" fontSize="12" text=""/>
    <text id="n16" name="nameTF" xy="302,25" size="40,16" input="true" fontSize="12" text=""/>
    <text id="n17" name="rareTF" xy="302,46" size="40,16" input="true" fontSize="12" text=""/>
    <text id="n18" name="n18" xy="302,67" size="40,16" input="true" fontSize="12" text=""/>
    <text id="n19" name="n19" xy="302,88" size="40,16" input="true" fontSize="12" text=""/>
  </displayList>
</component>