<component size="50,20" extention="Button">
  <controller name="button" pages="0,up,1,down,2,over,3,selectedOver" selected="0"/>
  <displayList>
    <graph id="n1" name="n1" xy="0,0" size="50,20" filter="color" filterData="0.00,0.00,0.00,0.00" type="rect" lineColor="#ff333333" fillColor="#ff999999">
      <gearDisplay controller="button" pages="1,2,3"/>
    </graph>
    <text id="n0" name="name" xy="9,2" size="40,16" fontSize="12" color="#666666" align="right" vAlign="middle" autoSize="height" text=""/>
    <image id="n2" name="n2" src="te1y9b" xy="-1,5" size="11,10">
      <gearDisplay controller="button" pages="0,1,2,3"/>
    </image>
  </displayList>
  <Button mode="Radio"/>
</component>