<component size="40,43" extention="Button">
  <controller name="button" pages="0,up,1,down,2,over,3,selectedOver" selected="2"/>
  <displayList>
    <image id="n1" name="n1" src="te1y8d" xy="0,0">
      <gearDisplay controller="button" pages="0"/>
      <relation target="" sidePair="width-width,height-height"/>
    </image>
    <image id="n2" name="n2" src="te1y8d" xy="0,0" alpha="0.75">
      <gearDisplay controller="button" pages="1,3"/>
      <relation target="" sidePair="width-width,height-height"/>
    </image>
    <image id="n3" name="n3" src="te1y8d" xy="0,0">
      <gearDisplay controller="button" pages="2"/>
      <relation target="" sidePair="width-width,height-height"/>
    </image>
  </displayList>
  <Button/>
</component>