<component size="50,400">
  <displayList>
    <graph id="n1" name="n1" xy="0,0" size="50,400" type="rect">
      <relation target="" sidePair="width-width,height-height"/>
    </graph>
    <list id="n0" name="n0" xy="0,0" size="50,400" overflow="scroll" margin="0,0,0,0" defaultItem="ui://ravwu71qte1yb2">
      <relation target="" sidePair="width-width,height-height"/>
      <item title="1"/>
      <item title="1"/>
      <item title="1"/>
      <item title="1"/>
      <item title="1"/>
    </list>
  </displayList>
</component>