<component size="60,20" extention="Label">
  <controller name="c1" pages="0,,1," selected="0"/>
  <displayList>
    <graph id="n6" name="n6" xy="0,0" size="60,20" type="rect" lineSize="0" fillColor="#ff3f3f3f">
      <gearDisplay controller="c1" pages="1"/>
      <relation target="" sidePair="width-width,height-height"/>
    </graph>
    <text id="n1" name="title" xy="1,1" size="56,18" fontSize="12" color="#bdbdbd" vAlign="middle" autoSize="none" singleLine="true" text="">
      <gearDisplay controller="c1" pages="0"/>
      <relation target="" sidePair="width-width,height-height"/>
    </text>
    <text id="n5" name="input" xy="2,1" size="55,18" input="true" fontSize="12" color="#bdbdbd" vAlign="middle" autoSize="none" singleLine="true" text="">
      <gearDisplay controller="c1" pages="1"/>
      <relation target="" sidePair="width-width,height-height"/>
    </text>
  </displayList>
</component>