<component size="20,20" extention="Button">
  <controller name="button" pages="0,up,1,down,2,over,3,selectedOver" selected="3"/>
  <displayList>
    <image id="n1" name="n1" src="gcza2r" xy="5,5">
      <gearDisplay controller="button" pages="0"/>
      <relation target="" sidePair="width-width,height-height"/>
    </image>
    <image id="n2" name="n2" src="gcza2s" xy="5,5">
      <gearDisplay controller="button" pages="1,2,3"/>
      <relation target="" sidePair="width-width,height-height"/>
    </image>
  </displayList>
  <Button/>
</component>