<component size="150,20" extention="Button">
  <controller name="button" pages="0,up,1,down,2,over,3,selectedOver" selected="0"/>
  <displayList>
    <image id="n4" name="n4" src="xualk" xy="3,4" size="13,13"/>
    <image id="n8" name="n8" src="kwng7e" xy="4,3">
      <gearDisplay controller="button" pages="1,3"/>
    </image>
    <text id="n2" name="title" xy="41,0" size="105,20" fontSize="12" color="#bdbdbd" vAlign="middle" autoSize="none" singleLine="true" text="">
      <relation target="" sidePair="width-width,height-height"/>
    </text>
    <loader id="n3" name="icon" xy="20,0" size="20,20" align="center" vAlign="middle"/>
  </displayList>
  <Button mode="Radio"/>
</component>