<component size="60,20" extention="Label">
  <controller name="c1" pages="3,,1," selected="1"/>
  <displayList>
    <loader id="n4" name="icon" xy="2,2" size="16,16" align="center" vAlign="middle">
      <gearDisplay controller="c1" pages="1"/>
    </loader>
    <text id="n5" name="nameText" xy="20,1" size="38,18" fontSize="12" color="#bdbdbd" vAlign="middle" autoSize="none" singleLine="true" text="">
      <gearDisplay controller="c1" pages="1"/>
      <relation target="" sidePair="width-width"/>
    </text>
    <text id="n7" name="title" xy="2,1" size="55,18" input="true" fontSize="12" color="#bdbdbd" vAlign="middle" autoSize="none" singleLine="true" text="">
      <gearDisplay controller="c1" pages="3"/>
      <relation target="" sidePair="width-width,height-height"/>
    </text>
  </displayList>
</component>