<component size="88,20" extention="Button">
  <controller name="button" pages="0,up,1,down,2,over,3,selectedOver" selected="3"/>
  <displayList>
    <image id="n0" name="n0" src="au3n4v" xy="0,0" size="88,20">
      <gearDisplay controller="button" pages="2"/>
      <relation target="" sidePair="height-height,width-width"/>
    </image>
    <image id="n1" name="n1" src="au3n50" xy="0,0" size="88,20">
      <gearDisplay controller="button" pages="1,3"/>
      <relation target="" sidePair="height-height,width-width"/>
    </image>
    <text id="n2" name="title" xy="50,2" size="37,16" fontSize="12" color="#ffffff" autoSize="none" singleLine="true" text="">
      <relation target="" sidePair="width-width"/>
      <relation target="n6" sidePair="leftext-right"/>
      <gearColor controller="button" pages="0,1,2,3" values="-|#ffffff|-|#ffffff" default="#bdbdbd"/>
    </text>
    <graph id="n3" name="indent" xy="0,0" size="16,20"/>
    <loader id="n6" name="icon" xy="30,0" size="20,20" align="center" vAlign="middle">
      <relation target="n3" sidePair="left-right"/>
    </loader>
    <component id="n7" name="expandButton" src="au3n5n" xy="15,2">
      <relation target="n3" sidePair="left-right"/>
    </component>
  </displayList>
  <Button mode="Radio"/>
</component>