<component size="20,22" extention="Button">
  <controller name="button" pages="0,up,1,down,2,over,3,selectedOver" selected="1"/>
  <displayList>
    <image id="n4" name="n4" src="au3n3o" xy="0,0" size="20,22">
      <gearDisplay controller="button" pages="0,2"/>
      <relation target="" sidePair="height-height,width-width"/>
    </image>
    <image id="n5" name="n5" src="au3n3m" xy="0,0" size="20,22">
      <gearDisplay controller="button" pages="1,3"/>
      <relation target="" sidePair="height-height,width-width"/>
    </image>
    <text id="n2" name="title" xy="3,3" size="10,16" fontSize="12" color="#ffffff" vAlign="middle" singleLine="true" text="">
      <gearColor controller="button" pages="0,1,2,3" values="#bdbdbd|#ffffff|#bdbdbd|#ffffff" default="#bdbdbd"/>
    </text>
  </displayList>
  <Button mode="Radio"/>
  <relation target="n2" sidePair="width-width"/>
</component>