<component size="100,20" extention="Button">
  <controller name="button" pages="0,up,1,down,2,over,3,selectedOver,4,disabled,5,selectedDisabled" selected="0"/>
  <displayList>
    <image id="n1" name="n1" src="gcza15" xy="0,0" size="101,20">
      <gearDisplay controller="button" pages="0"/>
      <relation target="" sidePair="width-width,height-height"/>
    </image>
    <image id="n2" name="n2" src="gcza16" xy="0,0" size="101,20">
      <gearDisplay controller="button" pages="1,3"/>
      <relation target="" sidePair="width-width,height-height"/>
    </image>
    <image id="n3" name="n3" src="gcza17" xy="0,0" size="101,20">
      <gearDisplay controller="button" pages="2"/>
      <relation target="" sidePair="width-width,height-height"/>
    </image>
    <image id="n5" name="n5" src="fzqg7s" xy="0,0" size="101,20">
      <gearDisplay controller="button" pages="4,5"/>
      <relation target="" sidePair="width-width,height-height"/>
    </image>
    <text id="n4" name="title" xy="2,2" size="81,16" fontSize="12" color="#bdbdbd" autoSize="none" singleLine="true" text="">
      <relation target="" sidePair="width-width,height-height"/>
      <gearColor controller="button" pages="4,5" values="#787b7b|#787b7b" default="#bdbdbd"/>
    </text>
  </displayList>
  <Button/>
</component>