<component size="88,80" extention="Button">
  <controller name="button" pages="0,up,1,down,2,over,3,selectedOver" selected="0"/>
  <controller name="c1" pages="0,,1," selected="1"/>
  <displayList>
    <image id="n0" name="n0" src="au3n4v" xy="0,0" size="88,80">
      <gearDisplay controller="button" pages="2"/>
      <relation target="" sidePair="height-height,width-width"/>
    </image>
    <image id="n1" name="n1" src="au3n50" xy="0,0" size="88,80">
      <gearDisplay controller="button" pages="1,3"/>
      <relation target="" sidePair="height-height,width-width"/>
    </image>
    <text id="n2" name="title" xy="50,2" size="37,16" fontSize="12" color="#bdbdbd" autoSize="none" singleLine="true" text="">
      <gearDisplay controller="c1" pages="0"/>
      <relation target="" sidePair="width-width"/>
      <relation target="n6" sidePair="left-right"/>
      <gearColor controller="button" pages="0,1,2,3" values="#bdbdbd|#ffffff|#bdbdbd|#ffffff" default="#bdbdbd"/>
    </text>
    <graph id="n3" name="indent" xy="0,0" size="16,20"/>
    <loader id="n6" name="icon" xy="30,0" size="20,20" align="center" vAlign="middle">
      <relation target="n3" sidePair="left-right"/>
    </loader>
    <image id="n8" name="n8" src="gcza1r" xy="50,0" size="38,20" group="n9">
      <relation target="" sidePair="width-width"/>
      <relation target="n6" sidePair="leftext-right"/>
    </image>
    <text id="n7" name="input" xy="51,1" size="36,18" group="n9" input="true" fontSize="12" color="#bdbdbd" autoSize="none" singleLine="true" text="">
      <relation target="" sidePair="width-width"/>
      <relation target="n6" sidePair="leftext-right"/>
    </text>
    <list id="n11" name="list" xy="51,0" size="37,80" group="n9" overflow="scroll" scrollBar="visible" margin="1,1,1,1" defaultItem="ui://nk9ejx23au3n6t">
      <gearDisplay controller="c1" pages="1"/>
    </list>
    <group id="n9" name="n9" xy="50,0" size="38,80" advanced="true">
      <gearDisplay controller="c1" pages="1"/>
    </group>
    <component id="n10" name="expandButton" src="au3n5n" xy="15,2">
      <relation target="n3" sidePair="left-right"/>
    </component>
  </displayList>
  <Button mode="Radio"/>
</component>