<component size="81,20" extention="Button">
  <controller name="button" pages="0,up,1,down,2,over,3,selectedOver" selected="0"/>
  <displayList>
    <image id="n1" name="n1" src="kwng7g" xy="0,0">
      <relation target="" sidePair="width-width,height-height"/>
    </image>
    <text id="n2" name="title" xy="4,0" size="73,20" fontSize="12" color="#bdbdbd" vAlign="middle" autoSize="none" singleLine="true" text="">
      <relation target="" sidePair="width-width,height-height"/>
    </text>
  </displayList>
  <Button mode="Check"/>
</component>