<component size="22,18" extention="Button">
  <controller name="button" pages="0,up,1,down,2,over,3,selectedOver" selected="0"/>
  <displayList>
    <image id="n1" name="n1" src="gcza1k" xy="1,1">
      <gearDisplay controller="button" pages="0"/>
    </image>
    <image id="n2" name="n2" src="gcza1i" xy="1,1">
      <gearDisplay controller="button" pages="1,3"/>
    </image>
    <image id="n3" name="n3" src="gcza1j" xy="1,1">
      <gearDisplay controller="button" pages="2"/>
    </image>
  </displayList>
  <Button/>
</component>