<component size="20,19" extention="Button">
  <controller name="button" pages="0,up,1,down,2,over,3,selectedOver" selected="0"/>
  <displayList>
    <image id="n1" name="n1" src="gcza11" xy="0,3">
      <gearDisplay controller="button" pages="0,1"/>
    </image>
    <image id="n3" name="n3" src="gcza10" xy="0,3">
      <gearDisplay controller="button" pages="2,3"/>
    </image>
    <image id="n2" name="n2" src="gczav" xy="4,7">
      <gearDisplay controller="button" pages="1,3"/>
    </image>
    <text id="n5" name="title" xy="13,1" size="10,19" fontSize="12" color="#bdbdbd" autoSize="none" singleLine="true" text="">
      <relation target="" sidePair="width-width,height-height"/>
    </text>
  </displayList>
  <Button mode="Radio"/>
</component>