<component size="35,22" extention="Button">
  <controller name="button" pages="0,up,1,down,2,over,3,selectedOver" selected="0"/>
  <displayList>
    <image id="n5" name="n5" src="au3n3m" xy="0,0" size="35,22">
      <gearDisplay controller="button" pages="1,3"/>
      <relation target="" sidePair="height-height,width-width"/>
    </image>
    <image id="n4" name="n4" src="au3n3o" xy="0,0" size="35,22">
      <gearDisplay controller="button" pages="0,2"/>
      <relation target="" sidePair="height-height,width-width"/>
    </image>
    <text id="n2" name="title" xy="3,3" size="10,16" fontSize="12" color="#bdbdbd" vAlign="middle" singleLine="true" text=""/>
    <component id="n3" name="closeButton" src="gcza2u" xy="14,1">
      <gearDisplay controller="button" pages="1,2,3"/>
      <relation target="" sidePair="right-right"/>
    </component>
  </displayList>
  <Button mode="Radio"/>
  <relation target="n2" sidePair="width-width"/>
</component>