<component size="19,10" extention="Button" idnum="3">
  <controller name="button" pages="0,up,1,down,2,over,3,selectedOver"/>
  <displayList>
    <image id="n1" src="gcza23" name="n1" xy="0,0">
      <gearDisplay controller="button" pages="0,2"/>
      <relation target="" sidePair="width,height"/>
    </image>
    <image id="n2" src="gcza24" name="n2" xy="0,0">
      <gearDisplay controller="button" pages="1,3"/>
      <relation target="" sidePair="width,height"/>
    </image>
  </displayList>
  <Button/>
</component>