<component size="15,13" extention="Button">
  <controller name="button" pages="0,up,1,down,2,over,3,selectedOver" selected="0"/>
  <displayList>
    <image id="n1" name="n1" src="kwng7a" xy="0,0">
      <gearDisplay controller="button" pages="0"/>
    </image>
    <image id="n2" name="n2" src="kwng78" xy="0,0">
      <gearDisplay controller="button" pages="1,3"/>
    </image>
    <image id="n3" name="n3" src="kwng79" xy="0,0">
      <gearDisplay controller="button" pages="2"/>
    </image>
  </displayList>
  <Button/>
</component>