<component size="53,25" extention="Button">
  <controller name="button" pages="0,up,1,down,2,over,3,selectedOver" selected="1"/>
  <displayList>
    <image id="n5" name="n5" src="p0yg7q" xy="0,0" size="53,25">
      <gearDisplay controller="button" pages="1,3"/>
      <relation target="" sidePair="height-height,width-width"/>
    </image>
    <image id="n4" name="n4" src="p0yg7p" xy="0,0" size="53,25">
      <gearDisplay controller="button" pages="0,2"/>
      <relation target="" sidePair="height-height,width-width"/>
    </image>
    <text id="n2" name="title" xy="23,5" size="10,16" fontSize="12" color="#ffffff" vAlign="middle" text="">
      <relation target="" sidePair=""/>
      <gearColor controller="button" pages="0,1,2,3" values="#959595|#ffffff|-|#ffffff" default="#bdbdbd"/>
    </text>
    <component id="n3" name="closeButton" src="gcza2u" xy="32,3">
      <gearDisplay controller="button" pages="1,2,3"/>
      <relation target="" sidePair="right-right"/>
    </component>
    <loader id="n6" name="icon" xy="1,3" size="20,20" align="center" vAlign="middle">
      <gearColor controller="button" pages="0,1,2,3" values="#b4b4b4|-|#b4b4b4|-" default="#ffffff"/>
    </loader>
  </displayList>
  <Button mode="Radio"/>
  <relation target="n2" sidePair="width-width"/>
</component>