<component size="65,22" extention="Button">
  <controller name="button" pages="0,up,1,down,2,over,3,selectedOver" selected="0"/>
  <displayList>
    <image id="n5" name="n5" src="au3n3m" xy="0,0" size="65,22">
      <gearDisplay controller="button" pages="1,3"/>
      <relation target="" sidePair="height-height,width-width"/>
    </image>
    <image id="n4" name="n4" src="au3n3o" xy="0,0" size="65,22">
      <gearDisplay controller="button" pages="0,2"/>
      <relation target="" sidePair="height-height,width-width"/>
    </image>
    <text id="n2" name="title" xy="3,3" size="55,16" fontSize="12" color="#bdbdbd" align="center" vAlign="middle" autoSize="none" singleLine="true" text="">
      <relation target="" sidePair="width-width,height-height"/>
      <gearColor controller="button" pages="0,1,2,3" values="#bdbdbd|#ffffff|-|-" default="#bdbdbd"/>
    </text>
  </displayList>
  <Button mode="Radio"/>
</component>