<component size="800,400">
  <displayList>
    <graph id="n0" name="n0" xy="0,0" size="400,400" type="rect" lineSize="0" lineColor="#ff151415" fillColor="#ff424242">
      <relation target="n0" sidePair="width-width,height-height"/>
    </graph>
    <component id="n1" name="n1" src="q5es1" xy="400,0">
      <relation target="n0" sidePair="left-left,top-top"/>
    </component>
    <component id="n2" name="n2" src="q5es2" xy="0,0">
      <relation target="n0" sidePair="right-right,top-top"/>
    </component>
  </displayList>
</component>