<component size="400,400">
  <displayList>
    <graph id="n0" name="n0" xy="0,0" size="400,400" type="rect" lineColor="#ffffffff" fillColor="#ff424242">
      <relation target="" sidePair="width-width,height-height"/>
    </graph>
    <component id="n11" name="designImage" src="au3n6j" pkg="nk9ejx23" xy="245,54" size="151,20"/>
    <text id="n12" name="n12" xy="165,56" size="78,16" fontSize="12" color="#bdbdbd" align="center" autoSize="none" text="资源"/>
    <loader id="n1" name="n1" xy="8,9" size="154,378"/>
    <component id="n5" name="designImage" src="au3n6j" pkg="nk9ejx23" xy="245,24" size="151,20"/>
    <component id="n15" name="designImage" src="au3n6j" pkg="nk9ejx23" xy="245,84" size="151,20"/>
    <text id="n16" name="n16" xy="165,86" size="78,16" fontSize="12" color="#bdbdbd" align="center" autoSize="none" text="资源"/>
    <component id="n13" name="designImage" src="au3n6j" pkg="nk9ejx23" xy="245,114" size="151,20"/>
    <text id="n14" name="n14" xy="165,116" size="78,16" fontSize="12" color="#bdbdbd" align="center" autoSize="none" text="资源"/>
    <text id="n6" name="n6" xy="165,26" size="78,16" fontSize="12" color="#bdbdbd" align="center" autoSize="none" text="资源"/>
  </displayList>
</component>