<component size="200,17" idnum="5" extention="ScrollBar">
  <displayList>
    <image id="n0" name="n0" src="te1yaa" xy="0,0" size="200,17">
      <relation target="" sidePair="width-width"/>
    </image>
    <graph id="n5" name="bar" xy="20,0" size="160,17">
      <relation target="" sidePair="width-width"/>
    </graph>
    <component id="n2" name="arrow1" src="te1yat" xy="0,17" rotation="-90"/>
    <component id="n3" name="arrow2" src="te1yau" xy="180,17" rotation="-90">
      <relation target="" sidePair="right-right"/>
    </component>
    <component id="n4" name="grip" src="te1yaq" xy="36,0"/>
  </displayList>
</component>