<component size="17,200" idnum="6" extention="ScrollBar">
  <displayList>
    <image id="n0" name="n0" src="te1yaa" xy="0,0" size="17,200">
      <relation target="" sidePair="height-height"/>
    </image>
    <component id="n1" name="arrow1" src="te1yat" xy="0,0"/>
    <component id="n2" name="arrow2" src="te1yau" xy="0,180">
      <relation target="" sidePair="bottom-bottom"/>
    </component>
    <graph id="n5" name="bar" xy="0,20" size="17,160">
      <relation target="" sidePair="height-height"/>
    </graph>
    <component id="n4" name="grip" src="te1yar" xy="0,33"/>
  </displayList>
</component>