<component size="159,52" extention="Button">
  <controller name="button" pages="0,up,1,down,2,over,3,selectedOver" selected="1"/>
  <displayList>
    <image id="n1" name="n1" src="gpf61u" xy="0,0">
      <gearDisplay controller="button" pages="0"/>
      <gearLook controller="button" pages="0,2" values="1.00,0,0|0.00,0,0" default="1.00,0,0" tween="true" ease="Quad.Out" duration="0.5"/>
      <relation target="" sidePair="width-width,height-height"/>
    </image>
    <image id="n2" name="n2" src="gpf61v" xy="0,0">
      <gearDisplay controller="button" pages="1,3"/>
      <relation target="" sidePair="width-width,height-height"/>
    </image>
    <image id="n3" name="n3" src="gpf61w" xy="0,0">
      <gearDisplay controller="button" pages="2"/>
      <gearLook controller="button" pages="0,2" values="0.00,0,0|1.00,0,0" default="1.00,0,0" tween="true" ease="Quad.Out" duration="0.5"/>
      <relation target="" sidePair="width-width,height-height"/>
    </image>
    <text id="n5" name="title" xy="0,7" size="159,45" fontSize="18" color="#dfb536" align="center" vAlign="middle" autoSize="none" strokeColor="#000000" text="">
      <relation target="" sidePair="width-width,height-height"/>
    </text>
  </displayList>
  <Button/>
</component>