<component size="157,202" extention="Label">
  <displayList>
    <image id="n0" name="n0" src="llkx1z" xy="0,0">
      <relation target="" sidePair="width-width,height-height"/>
    </image>
    <component id="n1" name="closeButton" src="llkx20" xy="133,5">
      <relation target="" sidePair="right-right"/>
    </component>
    <graph id="n3" name="dragArea" xy="6,4" size="123,22">
      <relation target="" sidePair="width-width"/>
    </graph>
    <text id="n2" name="title" xy="36,6" size="83,18" fontSize="12" color="#ffffff" align="center" autoSize="none" text="窗口标题">
      <relation target="" sidePair="width-width"/>
    </text>
    <graph id="n4" name="contentArea" xy="4,27" size="150,172">
      <relation target="" sidePair="width-width,height-height"/>
    </graph>
  </displayList>
</component>